gene_especie_A,gene_especie_B,evalue_A_para_B,evalue_B_para_A
NP_414543.1,WP_005693830.1,0.0,0.0
NP_414544.1,WP_005654296.1,4.18393e-144,1.12526e-143
NP_414545.1,WP_005693831.1,0.0,0.0
NP_414547.1,WP_010869102.1,2.06436e-117,5.48134e-117
NP_414548.1,WP_032828421.1,3.39746e-128,1.24132e-118
NP_414549.1,WP_005693444.1,0.0,0.0
NP_414550.1,WP_005647046.1,1.04906e-115,2.81407e-115
NP_414555.1,WP_005694297.1,0.0,0.0
NP_414556.1,WP_032828442.1,3.35489e-164,0.0
NP_414560.1,WP_005694067.1,5.85939e-143,9.67319e-131
NP_414564.1,WP_005651580.1,1.75365e-41,4.65634e-41
NP_414566.1,WP_032828335.1,3.73679e-118,9.76353e-118
NP_414568.1,WP_005651632.1,5.83202e-56,1.61463e-55
NP_414570.1,WP_010869105.1,1.16935e-163,3.08523e-163
NP_414572.1,WP_005694461.1,9.29177e-136,2.58537e-130
NP_414589.1,WP_010869086.1,1.86184e-131,4.92766e-131
NP_414590.1,WP_005648125.1,2.05424e-58,5.48879e-58
NP_414591.1,WP_005664434.1,4.25623e-111,1.10995e-110
NP_414593.1,WP_005649513.1,4.78008e-138,1.33431e-137
NP_414595.1,WP_032828379.1,1.74751e-31,3.20596e-31
NP_414596.1,WP_010869043.1,0.0,0.0
NP_414597.1,WP_005694031.1,1.3012e-97,3.49031e-93
NP_414600.1,WP_005654471.1,3.36009e-101,8.9218e-101
NP_414601.1,WP_005692755.1,0.0,0.0
NP_414608.1,WP_005647864.1,9.0992e-77,2.23901e-76
NP_414609.1,WP_005693357.1,2.356e-125,1.32849e-121
NP_414610.1,WP_005693356.1,2.39855e-106,1.83926e-105
NP_414613.1,WP_005693330.1,1.2313e-106,3.25311e-106
NP_414614.1,WP_005693329.1,0.0,0.0
NP_414615.4,WP_005693328.1,0.0,0.0
NP_414616.1,WP_005693326.1,0.0,0.0
NP_414620.1,WP_005647229.1,7.63364e-80,2.02691e-79
NP_414623.1,WP_005686427.1,1.18992e-65,3.13872e-65
NP_414624.1,WP_005651812.1,2.95364e-139,3.74127e-139
NP_414625.1,WP_005647600.1,5.40107e-13,4.65983e-17
NP_414626.1,WP_005693446.1,0.0,0.0
NP_414627.1,WP_005693448.1,0.0,2.28961e-176
NP_414628.1,WP_010869135.1,5.93136e-157,9.37368e-144
NP_414629.1,WP_010869136.1,0.0,0.0
NP_414630.1,WP_005693450.1,0.0,5.8556e-180
NP_414631.1,WP_010869137.1,2.49017e-135,6.8654e-135
NP_414632.1,WP_005693451.1,1.95322e-156,5.1278e-156
NP_414633.1,WP_005693453.1,0.0,0.0
NP_414634.1,WP_005693454.1,3.642e-131,9.67033e-131
NP_414635.1,WP_005693455.1,6.85315e-49,2.08997e-47
NP_414636.1,WP_005693456.1,4.74863e-164,1.26095e-165
NP_414637.1,WP_005693457.1,2.09232e-119,8.37674e-118
NP_414638.1,WP_005693459.1,0.0,0.0
NP_414640.1,WP_005693259.1,0.0,0.0
NP_414641.1,WP_010869085.1,4.53093e-42,1.26835e-41
NP_414643.1,WP_005651442.1,2.53798e-21,7.04995e-21
NP_414645.1,WP_010869082.1,1.51611e-67,2.22846e-65
NP_414648.1,WP_005694369.1,1.10054e-37,1.60266e-36
NP_414649.1,WP_005694368.1,9.04015e-103,2.41599e-102
NP_414650.1,WP_005694367.1,7.98646e-22,6.05274e-30
NP_414651.1,WP_005693490.1,4.34404e-13,2.31463e-09
NP_414652.1,WP_005694366.1,1.74179e-75,4.65012e-75
NP_414656.1,WP_005694293.1,0.0,0.0
NP_414657.1,WP_010869159.1,0.0,0.0
NP_414658.1,WP_010869158.1,0.0,0.0
NP_414661.2,WP_010869281.1,2.20231e-25,5.70143e-25
NP_414667.4,WP_005693468.1,4.82391e-87,1.28805e-86
NP_414668.1,WP_005631770.1,5.19824e-104,1.43672e-103
NP_414684.1,WP_005693858.1,2.62828e-65,7.02258e-65
NP_414685.4,WP_010868929.1,1.15269e-170,8.34022e-167
NP_414687.1,WP_005630220.1,2.33288e-79,5.9482e-79
NP_414688.1,WP_010869259.1,1.69586e-87,4.57986e-87
NP_414698.1,WP_005649956.1,8.06129e-69,2.14046e-68
NP_414701.1,WP_005694230.1,4.09937e-91,3.83797e-83
NP_414704.4,WP_005693827.1,1.83513e-74,4.65752e-74
NP_414708.1,WP_005632504.1,7.42524e-170,1.23983e-160
NP_414709.1,WP_005694204.1,0.0,0.0
NP_414710.1,WP_005694208.1,9.55791e-127,2.5763e-126
NP_414711.1,WP_005645552.1,4.28039e-144,2.97646e-150
NP_414712.1,WP_005693261.1,3.44173e-142,9.13857e-142
NP_414713.1,WP_005693391.1,1.22471e-138,3.19791e-138
NP_414714.1,WP_005632773.1,4.22084e-93,1.12073e-92
NP_414715.1,WP_005693175.1,0.0,9.16567e-180
NP_414716.1,WP_005655860.1,1.2336e-107,3.09425e-107
NP_414717.2,WP_005693266.1,1.10065e-80,5.0904e-77
NP_414718.1,WP_005693265.1,1.40595e-174,1.39119e-170
NP_414719.1,WP_005693264.1,0.0,0.0
NP_414720.1,WP_005693263.1,1.90957e-17,2.44054e-14
NP_414721.1,WP_005693262.1,2.16848e-161,5.7578e-161
NP_414722.1,WP_013527849.1,4.61214e-68,1.08676e-67
NP_414723.1,WP_005651701.1,4.37837e-133,1.16256e-132
NP_414724.1,WP_010869121.1,3.47521e-178,2.99855e-175
NP_414725.1,WP_005693388.1,2.43988e-94,6.44572e-94
NP_414726.1,WP_005693144.1,0.0,0.0
NP_414727.1,WP_005693763.1,4.58485e-179,1.20212e-178
NP_414730.1,WP_005693764.1,2.26248e-111,1.4076e-106
NP_414736.1,WP_005693134.1,0.0,0.0
NP_414737.1,WP_005693665.1,4.06781e-89,1.09848e-88
NP_414739.1,WP_005694548.1,1.84166e-115,4.92613e-115
NP_414741.1,WP_010869021.1,1.17991e-164,3.15121e-164
NP_414742.1,WP_005694551.1,8.34221e-92,2.13387e-91
NP_414748.1,WP_005694517.1,2.04859e-59,1.22446e-53
NP_414750.1,WP_010868943.1,1.81423e-73,4.78613e-73
NP_414751.1,WP_010868942.1,3.01955e-103,8.44651e-103
NP_414757.1,WP_005694260.1,2.2418e-108,6.01451e-108
NP_414758.1,WP_164927861.1,6.58791e-89,1.90702e-88
NP_414760.1,WP_005694595.1,1.52285e-15,4.48302e-15
NP_414763.1,WP_005694080.1,3.36079e-47,9.51857e-47
NP_414772.1,WP_005694602.1,0.0,0.0
NP_414773.1,WP_005650775.1,4.6129e-84,1.249e-83
NP_414777.1,WP_005693251.1,1.84103e-170,4.90168e-170
NP_414778.1,WP_005694299.1,0.0,0.0
NP_414796.2,WP_010868939.1,1.05415e-149,2.63814e-149
NP_414835.2,WP_005658466.1,7.818e-44,2.20231e-43
NP_414839.1,WP_005665936.1,1.08937e-33,3.03511e-33
NP_414848.1,WP_005694195.1,2.10158e-136,5.5637e-136
NP_414889.1,WP_005694102.1,2.65571e-129,7.00061e-129
NP_414890.1,WP_005694101.1,0.0,0.0
NP_414901.1,WP_005693804.1,7.78906e-25,5.61546e-28
NP_414920.1,WP_005694358.1,1.48142e-40,3.96276e-40
NP_414927.1,WP_005694359.1,1.88182e-103,4.98017e-103
NP_414933.1,WP_005650606.1,3.99395e-88,1.06975e-87
NP_414934.1,WP_010869197.1,2.8662e-100,5.98164e-100
NP_414935.1,WP_005694065.1,1.79028e-82,4.72111e-82
NP_414939.1,WP_005694057.1,0.0,0.0
NP_414940.1,WP_005645731.1,0.0,0.0
NP_414941.1,WP_005648822.1,4.68038e-41,1.09588e-40
NP_414942.1,WP_005694058.1,0.0,0.0
NP_414943.1,WP_005686665.1,2.02396e-101,5.39071e-101
NP_414947.1,WP_005648026.1,1.21774e-76,3.23339e-76
NP_414948.1,WP_005693291.1,2.5763e-154,6.93387e-154
NP_414949.1,WP_005694466.1,7.37287e-86,1.97022e-85
NP_414950.1,WP_005650345.1,1.68939e-49,3.02163e-43
NP_414951.1,WP_005694465.1,3.95231e-115,1.05912e-114
NP_414952.1,WP_005694464.1,6.95896e-49,1.75108e-48
NP_414954.1,WP_005650455.1,0.0,0.0
NP_414955.1,WP_010869214.1,2.82315e-95,1.28329e-91
NP_414956.1,WP_005693923.1,1.41873e-26,3.9554e-26
NP_414960.2,WP_005651674.1,1.3638e-74,3.62119e-74
NP_414967.1,WP_050396697.1,4.64e-69,1.44948e-73
NP_414968.4,WP_005694116.1,6.5499e-17,1.80256e-16
NP_414969.4,WP_005668108.1,2.52117e-25,4.85328e-29
NP_414970.1,WP_010869039.1,0.0,0.0
NP_414971.1,WP_005694635.1,9.6367e-108,2.38571e-107
NP_414972.1,WP_005661954.1,0.0,0.0
NP_414973.1,WP_005693703.1,0.0,0.0
NP_414976.1,WP_010869106.1,2.05685e-17,4.97299e-17
NP_414981.4,WP_010868963.1,5.48713e-26,1.46654e-25
NP_414986.1,WP_005693846.1,7.33903e-110,5.46205e-104
NP_414995.1,WP_032828333.1,1.69448e-138,1.15057e-154
NP_414998.1,WP_165442160.1,0.0,0.0
NP_415002.1,WP_005650156.1,1.31341e-84,3.43024e-84
NP_415004.1,WP_005629464.1,8.52504e-61,8.67521e-69
NP_415005.1,WP_005626527.1,2.47694e-114,6.54411e-114
NP_415006.1,WP_032828396.1,0.0,0.0
NP_415007.1,WP_005649108.1,2.88172e-116,7.65163e-116
NP_415008.1,WP_005693475.1,2.88159e-118,1.5964e-112
NP_415013.1,WP_010868956.1,3.95721e-14,1.15198e-13
NP_415014.1,WP_010869210.1,8.31164e-68,2.19305e-67
NP_415016.4,WP_005650217.1,1.34496e-36,3.38155e-36
NP_415017.1,WP_010868972.1,4.3676e-149,1.90836e-136
NP_415020.1,WP_005654127.1,2.12198e-32,5.34218e-32
NP_415049.1,WP_005694560.1,4.04185e-67,1.0732e-66
NP_415054.1,WP_005694569.1,6.57032e-94,1.82093e-93
NP_415055.1,WP_005693629.1,2.06973e-137,1.54396e-130
NP_415056.1,WP_005693627.1,1.23298e-80,6.51443e-74
NP_415057.1,WP_005693139.1,2.63652e-79,6.91306e-79
NP_415058.1,WP_005693842.1,4.84452e-84,1.32555e-83
NP_415059.1,WP_005693844.1,0.0,0.0
NP_415062.1,WP_005654480.1,1.33467e-139,3.47003e-139
NP_415104.1,WP_010869219.1,3.94213e-28,1.03986e-27
NP_415110.1,WP_005694521.1,1.63944e-16,4.41327e-16
NP_415116.1,WP_010868937.1,7.85245e-10,2.07942e-09
NP_415120.1,WP_032828469.1,2.59194e-33,6.47587e-33
NP_415146.1,WP_005693884.1,1.45568e-67,1.26682e-67
NP_415148.1,WP_005663293.1,0.0,0.0
NP_415149.4,WP_005693883.1,8.83334e-168,9.87913e-160
NP_415150.1,WP_005668023.1,5.78079e-30,1.48794e-29
NP_415151.4,WP_005668021.1,1.74563e-124,4.4112e-124
NP_415157.1,WP_010869016.1,6.38736e-15,7.34759e-21
NP_415161.1,WP_005652627.1,0.0,0.0
NP_415163.2,WP_010868920.1,1.10206e-96,2.91249e-96
NP_415164.1,WP_005649857.1,5.17324e-26,1.45256e-25
NP_415165.1,WP_005693881.1,1.03903e-135,2.6904e-135
NP_415166.1,WP_005668014.1,2.24383e-27,4.67593e-27
NP_415167.1,WP_005649852.1,8.22763e-166,5.64266e-154
NP_415168.1,WP_005649850.1,0.0,0.0
NP_415169.1,WP_005649848.1,1.13835e-97,3.02259e-97
NP_415170.4,WP_005635481.1,1.49445e-42,3.85474e-42
NP_415173.1,WP_005693269.1,2.61263e-87,1.6629e-85
NP_415174.1,WP_005659127.1,1.55392e-29,1.80955e-31
NP_415175.1,WP_005693268.1,0.0,0.0
NP_415177.4,WP_010869261.1,5.25754e-12,7.08737e-12
NP_415190.1,WP_005694362.1,1.94975e-139,1.44192e-142
NP_415191.1,WP_005694364.1,2.93299e-123,5.62092e-123
NP_415192.1,WP_005663323.1,1.28394e-76,2.50558e-68
NP_415194.1,WP_005649877.1,0.0,0.0
NP_415203.1,WP_005694427.1,4.15675e-146,1.10082e-145
NP_415204.1,WP_005668148.1,4.29708e-153,1.15813e-152
NP_415206.1,WP_164927877.1,0.0,0.0
NP_415209.1,WP_010868953.1,3.22747e-59,8.45387e-59
NP_415210.1,WP_005648709.1,1.18046e-100,3.09877e-100
NP_415212.1,WP_005653834.1,5.52501e-78,1.50167e-77
NP_415213.1,WP_005648714.1,1.04201e-58,3.01135e-58
NP_415214.1,WP_010869047.1,4.86273e-13,2.48213e-12
NP_415219.1,WP_005694562.1,0.0,0.0
NP_415220.1,WP_010869015.1,0.0,0.0
NP_415238.1,WP_005649665.1,8.53643e-116,2.30332e-115
NP_415239.1,WP_005694217.1,4.69849e-68,1.21894e-67
NP_415240.1,WP_005694216.1,2.83072e-94,7.49197e-94
NP_415241.1,WP_010869282.1,4.24107e-90,1.13072e-89
NP_415254.1,WP_010869267.1,0.0,0.0
NP_415255.1,WP_005694387.1,0.0,0.0
NP_415256.1,WP_005694249.1,0.0,0.0
NP_415257.1,WP_005694247.1,2.16511e-177,5.82842e-177
NP_415261.2,WP_010869127.1,0.0,0.0
NP_415262.1,WP_010869126.1,4.12216e-163,3.27007e-174
NP_415264.1,WP_005693784.1,3.99214e-45,1.07583e-44
NP_415265.1,WP_005649191.1,2.89634e-114,6.64944e-109
NP_415266.1,WP_005649190.1,1.49572e-50,1.69045e-45
NP_415268.1,WP_005693786.1,0.0,0.0
NP_415269.1,WP_005652235.1,2.14266e-58,6.09625e-56
NP_415275.1,WP_165442166.1,0.0,0.0
NP_415276.1,WP_005693156.1,8.53166e-87,2.58699e-86
NP_415277.1,WP_005693182.1,2.27418e-114,5.93375e-114
NP_415278.1,WP_010869061.1,6.97517e-146,1.6628e-151
NP_415279.1,WP_005693184.1,0.0,0.0
NP_415280.3,WP_005694325.1,3.68972e-143,9.79705e-143
NP_415282.1,WP_005694183.1,4.64268e-64,7.40727e-56
NP_415284.1,WP_005694182.1,6.70402e-79,1.75929e-78
NP_415285.1,WP_005654374.1,1.36672e-101,1.69937e-95
NP_415286.1,WP_005694180.1,3.63189e-134,4.63974e-123
NP_415291.1,WP_005652640.1,0.0,0.0
NP_415295.1,WP_005693582.1,0.0,2.27704e-178
NP_415296.1,WP_005655985.1,1.18316e-142,3.02351e-142
NP_415297.1,WP_005693580.1,3.17747e-61,9.07633e-58
NP_415300.1,WP_005694308.1,0.0,0.0
NP_415302.1,WP_005694398.1,2.44691e-157,6.6551e-157
NP_415304.1,WP_005642378.1,1.32596e-92,3.49886e-92
NP_415305.1,WP_005654167.1,1.84736e-35,4.90517e-35
NP_415306.1,WP_005694395.1,1.30797e-64,3.47296e-64
NP_415333.1,WP_005650692.1,1.27389e-06,3.24068e-06
NP_415336.1,WP_005693345.1,1.53551e-80,4.01525e-80
NP_415347.1,WP_005693917.1,1.90934e-112,4.94757e-112
NP_415348.1,WP_005693918.1,4.93728e-165,2.49315e-160
NP_415370.1,WP_005628952.1,4.39293e-40,1.19387e-39
NP_415373.1,WP_005693559.1,8.08655e-89,2.16148e-88
NP_415380.1,WP_005693305.1,3.37889e-155,9.37844e-155
NP_415382.1,WP_005694264.1,1.20708e-69,4.99054e-87
NP_415383.1,WP_005694263.1,1.14485e-78,1.29813e-82
NP_415384.1,WP_005694262.1,2.75773e-80,7.20188e-80
NP_415385.1,WP_005694261.1,2.43966e-121,6.50463e-121
NP_415395.2,WP_005693915.1,8.00941e-58,8.27801e-60
NP_415398.1,WP_005693704.1,4.12611e-17,1.01379e-16
NP_415401.1,WP_005652728.1,1.14961e-31,2.96997e-31
NP_415404.1,WP_005627617.1,8.39922e-49,2.23019e-48
NP_415406.1,WP_005693471.1,2.66508e-175,0.0
NP_415407.1,WP_005693472.1,0.0,0.0
NP_415408.1,WP_005693473.1,1.24881e-180,3.28489e-180
NP_415409.1,WP_005664572.1,2.39254e-88,6.15906e-88
NP_415411.2,WP_005693608.1,2.4181e-65,6.48388e-65
NP_415412.1,WP_010869253.1,0.0,0.0
NP_415413.1,WP_005693809.1,0.0,0.0
NP_415414.4,WP_005693382.1,0.0,0.0
NP_415421.1,WP_005693569.1,5.56863e-25,1.52386e-24
NP_415422.1,WP_005694108.1,1.00034e-133,8.99092e-143
NP_415423.1,WP_005653814.1,0.0,0.0
NP_415424.1,WP_005694105.1,8.63148e-106,2.28381e-105
NP_415425.4,WP_010869168.1,0.0,0.0
NP_415427.1,WP_005694273.1,7.56283e-137,2.0081e-136
NP_415428.1,WP_005693605.1,0.0,0.0
NP_415430.1,WP_010869156.1,1.19192e-96,3.24848e-96
NP_415431.1,WP_010869157.1,0.0,0.0
NP_415432.1,WP_005694284.1,2.29625e-38,6.09707e-38
NP_415433.4,WP_005693861.1,5.7602e-113,9.44747e-113
NP_415434.1,WP_010868928.1,0.0,0.0
NP_415435.1,WP_005693863.1,4.38875e-112,1.17952e-111
NP_415438.1,WP_005693864.1,1.70623e-121,4.64003e-121
NP_415442.1,WP_010869195.1,0.0,0.0
NP_415443.2,WP_005693983.1,2.5848e-111,7.12721e-111
NP_415444.1,WP_005693982.1,0.0,0.0
NP_415445.1,WP_005694392.1,3.12382e-73,6.5951e-73
NP_415447.1,WP_005694389.1,6.86963e-79,1.01053e-81
NP_415448.1,WP_005693630.1,0.0,0.0
NP_415450.1,WP_010869177.1,0.0,0.0
NP_415452.1,WP_005693625.1,0.0,0.0
NP_415465.1,WP_005693962.1,2.50325e-148,6.70605e-148
NP_415469.1,WP_005694468.1,0.0,0.0
NP_415474.1,WP_005650386.1,2.82977e-104,7.7321e-104
NP_415475.1,WP_032828458.1,7.08941e-135,1.89846e-134
NP_415476.1,WP_005628871.1,1.03981e-48,2.72412e-48
NP_415477.1,WP_010869142.1,1.95439e-86,9.94978e-88
NP_415479.1,WP_010869017.1,3.25011e-10,8.9601e-10
NP_415480.2,WP_005665016.1,1.86971e-158,2.15494e-153
NP_415483.2,WP_010869160.1,2.71128e-70,7.19906e-70
NP_415484.1,WP_005654151.1,1.75861e-24,4.69072e-24
NP_415489.4,WP_005693989.1,9.06843e-53,2.40788e-52
NP_415490.1,WP_005649826.1,1.2891e-89,8.49542e-94
NP_415535.1,WP_010869188.1,0.0,0.0
NP_415553.1,WP_005693568.1,2.48701e-32,6.60359e-32
NP_415568.1,WP_005672404.1,2.36663e-08,5.86503e-08
NP_415572.1,WP_005693550.1,5.14317e-120,1.38794e-119
NP_415587.1,WP_164927860.1,1.46438e-130,3.82449e-128
NP_415602.1,WP_010868984.1,0.0,0.0
NP_415604.1,WP_005693754.1,1.17371e-172,3.14577e-172
NP_415606.1,WP_010868949.1,2.02267e-75,5.40171e-75
NP_415607.1,WP_005544470.1,5.70507e-21,4.02719e-27
NP_415609.1,WP_005691510.1,6.50105e-156,1.72073e-155
NP_415610.1,WP_005694437.1,5.89085e-154,1.4636e-148
NP_415611.1,WP_005694436.1,5.22598e-133,1.37624e-132
NP_415612.1,WP_005544465.1,1.99861e-39,5.17069e-39
NP_415615.1,WP_005693707.1,4.8623e-93,3.01906e-98
NP_415616.1,WP_032828392.1,6.25072e-93,1.63633e-92
NP_415617.1,WP_010868989.1,6.66901e-62,1.39908e-50
NP_415618.1,WP_010868988.1,8.81549e-113,2.29655e-112
NP_415621.3,WP_005627389.1,4.54724e-66,7.22158e-58
NP_415625.1,WP_005693307.1,5.25151e-129,1.35494e-134
NP_415627.1,WP_005693148.1,9.28778e-173,3.81485e-174
NP_415632.1,WP_005694314.1,0.0,0.0
NP_415634.1,WP_005654778.1,6.13151e-113,1.50968e-108
NP_415635.4,WP_005693575.1,8.71414e-103,2.25422e-102
NP_415636.1,WP_010869243.1,1.73678e-152,2.00121e-140
NP_415637.1,WP_005694104.1,1.07415e-106,2.86152e-106
NP_415641.1,WP_005666442.1,5.59543e-140,1.56376e-138
NP_415642.1,WP_010869186.1,2.52964e-126,7.37986e-125
NP_415643.3,WP_005694014.1,8.403e-117,2.41683e-124
NP_415644.1,WP_011962024.1,0.0,0.0
NP_415645.1,WP_005694011.1,6.54089e-157,1.75378e-156
NP_415646.4,WP_005693774.1,7.8711e-48,2.26365e-47
NP_415649.1,WP_010869024.1,0.0,0.0
NP_415650.1,WP_005694504.1,1.87313e-66,4.7868e-66
NP_415651.4,WP_100066294.1,0.0,0.0
NP_415653.4,WP_032828476.1,4.08748e-81,1.13534e-80
NP_415671.1,WP_165442165.1,6.86891e-13,1.76744e-12
NP_415697.5,WP_005650445.1,3.97125e-22,8.59187e-22
NP_415699.5,WP_005650678.1,1.14559e-48,2.98217e-48
NP_415703.3,WP_005693737.1,4.48323e-50,1.19716e-49
NP_415704.1,WP_010868985.1,0.0,0.0
NP_415705.1,WP_005652140.1,1.05268e-82,2.81849e-82
NP_415721.1,WP_005693776.1,0.0,0.0
NP_415722.1,WP_005693775.1,5.68501e-82,1.23967e-81
NP_415725.1,WP_005647284.1,0.0,0.0
NP_415726.1,WP_010869257.1,1.12922e-113,3.35601e-112
NP_415727.1,WP_032828367.1,2.19869e-26,5.80982e-26
NP_415729.1,WP_032803489.1,0.0,0.0
NP_415730.1,WP_005693587.1,3.35407e-103,9.38809e-103
NP_415732.1,WP_005654786.1,4.44443e-51,1.17132e-50
NP_415733.1,WP_005693586.1,5.37966e-179,1.42842e-178
NP_415748.1,WP_005693604.1,2.75305e-152,7.25777e-152
NP_415749.1,WP_005694029.1,1.11821e-24,3.14491e-24
NP_415752.1,WP_005693178.1,5.86066e-160,1.52007e-159
NP_415754.1,WP_005649496.1,5.20867e-97,1.30206e-96
NP_415759.1,WP_010869134.1,0.0,0.0
NP_415760.1,WP_005647620.1,6.23029e-176,1.65428e-175
NP_415761.1,WP_005651799.1,2.46083e-155,8.30258e-145
NP_415763.1,WP_005657282.1,7.12766e-177,1.88123e-176
NP_415764.4,WP_005628170.1,4.23819e-32,1.10469e-31
NP_415767.2,WP_005648344.1,5.927e-45,1.57375e-44
NP_415769.1,WP_005655643.1,6.36327e-66,1.97119e-65
NP_415770.1,WP_005655641.1,3.08227e-54,8.45846e-54
NP_415776.1,WP_005693930.1,3.75611e-105,3.34535e-99
NP_415777.1,WP_005693932.1,0.0,0.0
NP_415778.3,WP_032828410.1,3.83378e-179,1.06964e-178
NP_415779.1,WP_005693973.1,8.69745e-131,1.57831e-117
NP_415780.1,WP_005693976.1,0.0,1.09332e-180
NP_415782.1,WP_005693963.1,5.24016e-91,1.30116e-90
NP_415783.6,WP_005667400.1,4.03336e-115,1.07615e-114
NP_415785.1,WP_005694244.1,2.76362e-152,9.00233e-152
NP_415788.1,WP_005694402.1,4.5061e-126,1.01406e-119
NP_415790.1,WP_005693995.1,0.0,0.0
NP_415791.1,WP_005667393.1,3.26515e-153,8.64295e-153
NP_415793.1,WP_005629111.1,1.70029e-95,4.97535e-95
NP_415794.1,WP_005694086.1,4.54544e-32,4.20073e-36
NP_415795.1,WP_005650128.1,1.44156e-21,3.64005e-21
NP_415796.1,WP_005694286.1,2.24454e-138,4.19622e-132
NP_415797.1,WP_005667227.1,3.14044e-106,1.75942e-101
NP_415798.2,WP_005663537.1,1.35784e-53,3.5386e-53
NP_415802.1,WP_005694220.1,0.0,0.0
NP_415804.1,WP_005649928.1,6.24804e-144,1.659e-143
NP_415805.1,WP_005693271.1,1.47751e-21,4.05724e-21
NP_415806.1,WP_005670537.1,1.49573e-86,2.61311e-92
NP_415807.1,WP_005693649.1,7.47984e-155,2.87815e-164
NP_415808.1,WP_005693648.1,1.21934e-87,3.22669e-87
NP_415809.1,WP_005693647.1,2.76026e-69,7.98977e-69
NP_415810.1,WP_005693646.1,1.77105e-137,1.12049e-132
NP_415815.1,WP_005650837.1,5.36246e-06,7.54258e-06
NP_415817.1,WP_005693676.1,2.95641e-106,7.94208e-106
NP_415818.1,WP_005693298.1,4.44242e-72,2.21135e-67
NP_415837.1,WP_005693645.1,2.3431e-167,2.26054e-173
NP_415838.1,WP_010868921.1,1.07127e-94,5.32837e-87
NP_415839.1,WP_005693758.1,3.07917e-94,6.08717e-94
NP_415840.1,WP_005693150.1,8.19973e-74,2.13834e-73
NP_415849.1,WP_010869209.1,8.28328e-105,2.15068e-104
NP_415850.1,WP_005662331.1,6.15188e-145,1.6792e-144
NP_415851.1,WP_032828387.1,5.39067e-30,1.49831e-29
NP_415854.4,WP_005694556.1,6.24143e-112,3.7331e-98
NP_415860.1,WP_005693987.1,9.2363e-175,2.46822e-174
NP_415890.2,WP_010869205.1,3.27584e-07,9.43471e-08
NP_415898.1,WP_005693834.1,0.0,0.0
NP_415930.1,WP_005693994.1,3.04763e-67,7.81033e-67
NP_415931.4,WP_164927862.1,0.0,0.0
NP_415932.1,WP_005694191.1,1.87204e-06,4.61565e-06
NP_415946.1,WP_032828375.1,9.96674e-61,2.41224e-60
NP_415947.1,WP_005694518.1,8.15348e-76,3.143e-75
NP_415991.1,WP_146104763.1,0.0,0.0
NP_415993.1,WP_005663315.1,1.29098e-84,1.04313e-79
NP_416011.1,WP_005693992.1,5.22595e-91,2.42315e-90
NP_416012.1,WP_164927867.1,3.20979e-62,8.6306e-62
NP_416013.1,WP_005668011.1,4.56033e-81,3.33978e-77
NP_416024.1,WP_005694624.1,6.24597e-06,9.83174e-06
NP_416045.1,WP_005694422.1,2.00621e-125,2.39031e-114
NP_416057.1,WP_005693935.1,4.28088e-108,1.15501e-107
NP_416097.1,WP_010868926.1,5.72964e-58,1.53481e-57
NP_416106.1,WP_005656008.1,2.55115e-118,6.77389e-118
NP_416107.1,WP_005693381.1,2.51539e-77,1.63956e-71
NP_416108.2,WP_005693380.1,5.25034e-43,1.38725e-42
NP_416110.4,WP_005693920.1,8.13722e-59,2.2635e-58
NP_416118.1,WP_005694337.1,3.27284e-82,1.4774e-79
NP_416119.1,WP_005693997.1,0.0,0.0
NP_416120.1,WP_005693998.1,0.0,0.0
NP_416128.1,WP_010869204.1,0.0,0.0
NP_416144.1,WP_005694403.1,1.84784e-109,4.88102e-109
NP_416145.1,WP_005650033.1,1.43765e-75,3.83717e-75
NP_416146.1,WP_010869271.1,0.0,0.0
NP_416147.1,WP_005694177.1,1.61729e-117,4.36747e-117
NP_416148.1,WP_005694178.1,2.93845e-59,7.84012e-59
NP_416149.1,WP_005658208.1,5.5765e-96,2.37415e-86
NP_416150.1,WP_005654382.1,2.70501e-133,7.18242e-133
NP_416152.1,WP_005693808.1,1.40731e-30,3.23241e-26
NP_416153.1,WP_005630043.1,3.05909e-101,8.15088e-101
NP_416154.1,WP_010869258.1,2.78142e-34,2.73824e-37
NP_416155.1,WP_010869074.1,6.13206e-59,8.54825e-61
NP_416157.1,WP_005693152.1,7.8357e-118,3.01672e-114
NP_416168.1,WP_005688980.1,7.25643e-72,1.92675e-71
NP_416169.1,WP_005694345.1,2.12131e-101,5.99933e-101
NP_416171.1,WP_010869143.1,4.25803e-58,1.05195e-57
NP_416175.1,WP_010869264.1,1.66389e-134,4.35322e-134
NP_416179.1,WP_005693624.1,2.78859e-98,7.09148e-98
NP_416201.1,WP_005693476.1,2.22201e-50,5.98671e-50
NP_416202.1,WP_005694279.1,0.0,0.0
NP_416207.1,WP_005694543.1,1.80882e-32,4.51934e-32
NP_416223.1,WP_010869179.1,1.12076e-51,5.81039e-49
NP_416227.1,WP_005652847.1,4.51719e-42,1.16307e-41
NP_416228.1,WP_005694456.1,0.0,0.0
NP_416229.1,WP_005694457.1,0.0,0.0
NP_416231.1,WP_005596075.1,2.92046e-76,7.68878e-76
NP_416232.3,WP_005596065.1,3.79183e-32,1.00682e-31
NP_416233.1,WP_010869182.1,2.70664e-87,1.55072e-87
NP_416234.1,WP_005693993.1,0.0,0.0
NP_416243.1,WP_005693469.1,4.60992e-168,6.68615e-156
NP_416263.1,WP_005663264.1,4.01695e-149,1.06261e-148
NP_416275.1,WP_005664327.1,0.0,0.0
NP_416277.1,WP_005693718.1,0.0,0.0
NP_416278.1,WP_080003778.1,3.0507e-175,8.07696e-175
NP_416279.1,WP_005693567.1,2.81788e-55,7.52302e-55
NP_416280.1,WP_005693566.1,2.34897e-174,7.5665e-172
NP_416292.1,WP_010869216.1,4.97512e-34,3.40377e-33
NP_416293.1,WP_005646416.1,0.0,0.0
NP_416294.4,WP_165442164.1,1.81569e-37,4.50951e-37
NP_416303.1,WP_005693397.1,5.94301e-41,6.83409e-41
NP_416318.1,WP_164927857.1,1.27279e-102,3.4246e-102
NP_416319.1,WP_005693780.1,0.0,0.0
NP_416321.1,WP_005693782.1,3.16216e-65,8.578e-65
NP_416322.1,WP_005693783.1,0.0,0.0
NP_416323.4,WP_005693637.1,9.31595e-35,2.517e-34
NP_416325.1,WP_010869211.1,4.91365e-15,1.14989e-14
NP_416328.1,WP_005693026.1,0.0,0.0
NP_416343.1,WP_162837812.1,1.96919e-133,5.06804e-133
NP_416344.1,WP_032828450.1,0.0,0.0
NP_416347.1,WP_005667179.1,3.35854e-115,8.68796e-115
NP_416348.2,WP_005694394.1,0.0,0.0
NP_416364.1,WP_005693874.1,2.14002e-51,4.21689e-48
NP_416366.1,WP_005694154.1,4.59937e-138,1.2287e-137
NP_416368.1,WP_010869247.1,0.0,0.0
NP_416369.1,WP_005694093.1,3.28618e-102,8.59049e-102
NP_416370.2,WP_032828386.1,2.49885e-110,4.33855e-110
NP_416371.4,WP_005694411.1,2.3354e-87,1.10161e-91
NP_416372.1,WP_005666536.1,3.04443e-86,1.79721e-97
NP_416373.1,WP_005693761.1,5.65987e-110,2.36129e-115
NP_416374.1,WP_005694352.1,0.0,0.0
NP_416375.1,WP_005694351.1,1.46313e-86,5.74706e-89
NP_416377.1,WP_005694350.1,3.35057e-83,9.66435e-83
NP_416378.1,WP_005649034.1,1.1071e-143,2.9396e-143
NP_416379.1,WP_005694349.1,5.63867e-50,1.57705e-49
NP_416380.1,WP_005694347.1,0.0,0.0
NP_416384.1,WP_005694346.1,4.33909e-130,1.12414e-129
NP_416385.1,WP_005694009.1,3.75855e-160,9.91803e-160
NP_416386.4,WP_010869026.1,0.0,0.0
NP_416387.1,WP_010869027.1,1.11281e-97,2.76285e-94
NP_416390.1,WP_005693602.1,0.0,0.0
NP_416418.1,WP_005650594.1,1.62379e-70,4.23314e-70
NP_416420.1,WP_005693687.1,2.70059e-114,8.01066e-119
NP_416422.1,WP_005694415.1,7.28126e-83,7.30498e-89
NP_416423.4,WP_005693865.1,0.0,0.0
NP_416427.1,WP_010869128.1,6.55341e-97,1.77488e-96
NP_416428.1,WP_005693404.1,1.52269e-66,4.33449e-66
NP_416430.1,WP_005662813.1,3.20083e-50,8.21138e-50
NP_416470.1,WP_010869113.1,3.93456e-18,9.78006e-18
NP_416511.4,WP_005653635.1,5.54355e-40,1.53946e-39
NP_416515.1,WP_010869196.1,0.0,0.0
NP_416516.1,WP_005634417.1,1.74415e-06,4.50762e-06
NP_416523.1,WP_005656529.1,3.21185e-155,8.64229e-155
NP_416524.1,WP_005669329.1,0.0,0.0
NP_416525.1,WP_032828376.1,1.29732e-161,3.40597e-161
NP_416526.4,WP_005693690.1,5.23767e-177,1.41814e-176
NP_416527.1,WP_005693689.1,6.59887e-73,1.77897e-72
NP_416528.2,WP_005649383.1,1.38502e-114,3.73759e-114
NP_416529.1,WP_005693688.1,1.10441e-158,2.93246e-158
NP_416530.1,WP_005649391.1,2.79553e-85,8.08096e-85
NP_416533.1,WP_005649523.1,7.58771e-171,2.14208e-179
NP_416551.1,WP_010869077.1,6.34766e-38,1.71088e-37
NP_416569.1,WP_010868941.1,8.53109e-110,2.28867e-109
NP_416570.2,WP_005654445.1,8.55945e-106,2.27273e-105
NP_416578.2,WP_005693246.1,1.45123e-21,5.43291e-21
NP_416585.1,WP_005693745.1,0.0,0.0
NP_416606.1,WP_005693748.1,2.57584e-52,2.49915e-59
NP_416607.1,WP_032828385.1,1.54254e-45,2.51546e-44
NP_416616.4,WP_010869171.1,5.12014e-176,1.67857e-173
NP_416617.1,WP_005694519.1,0.0,0.0
NP_416637.1,WP_005694374.1,0.0,0.0
NP_416638.4,WP_005693802.1,2.38901e-26,9.45366e-26
NP_416645.1,WP_005694032.1,2.78171e-156,7.26884e-156
NP_416646.1,WP_005694471.1,2.02492e-17,3.00308e-21
NP_416647.1,WP_005694470.1,2.06741e-53,7.15676e-63
NP_416648.1,WP_010869187.1,1.34264e-82,1.01005e-72
NP_416649.1,WP_010869167.1,4.19899e-52,5.12591e-49
NP_416653.1,WP_005652434.1,0.0,2.20699e-169
NP_416654.1,WP_005652432.1,0.0,0.0
NP_416655.1,WP_010869062.1,1.25902e-162,3.33291e-162
NP_416656.1,WP_005663077.1,5.79488e-135,1.47641e-134
NP_416658.1,WP_005666869.1,1.79028e-101,1.26096e-97
NP_416663.1,WP_005693652.1,1.17779e-111,8.94433e-112
NP_416666.1,WP_005649475.1,4.27117e-134,8.18826e-123
NP_416672.1,WP_005693715.1,0.0,0.0
NP_416673.1,WP_005693714.1,3.07188e-119,6.51635e-113
NP_416674.1,WP_005693713.1,2.61138e-121,3.8407e-117
NP_416680.1,WP_005659678.1,2.53985e-48,6.56452e-48
NP_416687.1,WP_005694302.1,3.09871e-112,1.38582e-105
NP_416688.1,WP_005694303.1,7.48286e-98,1.99547e-97
NP_416690.1,WP_005691222.1,3.04472e-41,8.17043e-41
NP_416691.1,WP_010869067.1,5.31666e-122,1.42434e-121
NP_416692.1,WP_005693192.1,1.87764e-19,4.78615e-19
NP_416693.1,WP_005693193.1,1.80707e-165,4.79001e-165
NP_416697.1,WP_005652269.1,9.76146e-82,2.50751e-81
NP_416698.1,WP_005693419.1,1.80323e-52,2.01847e-51
NP_416699.1,WP_005657352.1,4.78275e-78,1.24247e-77
NP_416700.1,WP_005693418.1,0.0,0.0
NP_416701.1,WP_005693417.1,1.83799e-57,5.30999e-57
NP_416702.1,WP_005693416.1,2.18015e-17,1.02244e-12
NP_416703.1,WP_005693415.1,1.71294e-100,4.56681e-100
NP_416704.1,WP_005637214.1,1.13683e-83,2.996e-78
NP_416705.2,WP_005693414.1,2.44922e-68,3.58668e-61
NP_416706.1,WP_010868977.1,1.04004e-90,2.76155e-90
NP_416707.4,WP_005649106.1,1.45509e-48,3.81174e-48
NP_416708.1,WP_005694327.1,2.85325e-124,4.42356e-116
NP_416709.1,WP_005694328.1,1.23227e-110,1.8786e-110
NP_416711.1,WP_005694331.1,5.09265e-19,1.44547e-18
NP_416712.1,WP_010869114.1,4.94415e-17,1.32879e-16
NP_416718.1,WP_005668096.1,1.34084e-91,3.50952e-91
NP_416725.1,WP_005693165.1,5.57898e-94,4.0889e-103
NP_416726.1,WP_005693164.1,4.77404e-108,1.3087e-107
NP_416727.1,WP_005693163.1,0.0,0.0
NP_416728.1,WP_005666204.1,0.0,0.0
NP_416734.1,WP_005694321.1,0.0,0.0
NP_416737.1,WP_005694386.1,0.0,0.0
NP_416738.1,WP_005650087.1,0.0,0.0
NP_416739.1,WP_005650353.1,6.16959e-25,1.59916e-24
NP_416742.1,WP_005694613.1,2.02745e-175,5.47356e-175
NP_416743.1,WP_005650782.1,0.0,0.0
NP_416744.1,WP_005694610.1,0.0,0.0
NP_416745.1,WP_005694609.1,1.05632e-97,4.1464e-92
NP_416746.1,WP_005694608.1,0.0,1.67823e-180
NP_416763.1,WP_005694098.1,1.91611e-122,4.12924e-117
NP_416764.1,WP_032828336.1,1.13976e-127,3.11144e-127
NP_416765.1,WP_005693314.1,0.0,0.0
NP_416766.1,WP_005694025.1,7.76482e-59,2.02083e-58
NP_416767.1,WP_010868971.1,0.0,0.0
NP_416768.4,WP_032828415.1,1.91828e-82,4.36765e-80
NP_416793.1,WP_005694022.1,0.0,0.0
NP_416798.1,WP_005694240.1,1.85649e-39,4.79882e-39
NP_416799.1,WP_005694241.1,0.0,0.0
NP_416800.1,WP_005694242.1,0.0,0.0
NP_416801.2,WP_005694568.1,2.90416e-67,7.75693e-67
NP_416807.1,WP_005694236.1,5.12488e-76,3.48458e-82
NP_416815.1,WP_005694238.1,0.0,0.0
NP_416816.1,WP_005694239.1,7.97362e-63,7.27756e-67
NP_416818.1,WP_032828440.1,1.6875e-144,6.42936e-139
NP_416819.1,WP_005694317.1,7.30413e-163,1.88838e-162
NP_416821.1,WP_005693653.1,3.17631e-139,8.4026e-139
NP_416822.1,WP_005693928.1,1.91765e-42,4.78961e-42
NP_416826.1,WP_005693560.1,0.0,0.0
NP_416829.1,WP_005688501.1,1.49939e-63,3.89372e-63
NP_416830.1,WP_005664344.1,5.49721e-93,1.62117e-87
NP_416831.1,WP_005694094.1,1.15205e-95,1.70351e-92
NP_416832.1,WP_005694095.1,0.0,0.0
NP_416833.4,WP_005694243.1,5.38088e-144,1.44718e-143
NP_416834.1,WP_005667389.1,1.75343e-56,4.24869e-56
NP_416842.1,WP_005652786.1,1.85361e-34,5.01347e-34
NP_416845.2,WP_005693769.1,1.29252e-26,3.46845e-26
NP_416846.2,WP_005693768.1,2.31722e-104,8.37831e-108
NP_416848.1,WP_005694634.1,1.16253e-64,3.07449e-64
NP_416899.1,WP_005668173.1,0.0,0.0
NP_416906.1,WP_005665886.1,0.0,0.0
NP_416907.1,WP_005693425.1,1.23821e-31,4.27735e-24
NP_416908.1,WP_005693426.1,2.39548e-88,5.52294e-95
NP_416909.1,WP_005693427.1,8.27688e-145,1.12015e-151
NP_416910.1,WP_005649965.1,8.10645e-45,2.15245e-44
NP_416911.1,WP_005649967.1,0.0,0.0
NP_416912.1,WP_010869278.1,1.1837e-81,3.08719e-81
NP_416923.1,WP_005693153.1,2.38145e-115,6.4294e-115
NP_416958.1,WP_005694306.1,0.0,0.0
NP_416964.1,WP_005694037.1,1.24968e-134,3.32405e-134
NP_416966.1,WP_005693817.1,1.17663e-39,3.01831e-39
NP_416967.1,WP_005693818.1,0.0,2.36803e-180
NP_416971.1,WP_005649949.1,1.87016e-11,6.07618e-11
NP_416972.4,WP_005694048.1,4.31005e-12,7.15261e-12
NP_416973.1,WP_010868967.1,1.61762e-129,4.38341e-129
NP_416975.1,WP_005694049.1,7.02609e-73,1.85363e-72
NP_416990.1,WP_005664106.1,8.40735e-37,2.17607e-36
NP_416991.2,WP_005694288.1,1.28183e-68,2.33672e-71
NP_416992.1,WP_005694289.1,3.612e-76,2.86047e-82
NP_416993.2,WP_005652947.1,1.06954e-130,2.83987e-130
NP_416994.1,WP_005693936.1,0.0,0.0
NP_416995.1,WP_005693938.1,1.69981e-81,4.51339e-81
NP_416997.1,WP_005694580.1,7.4856e-129,1.44134e-128
NP_417002.1,WP_005694070.1,0.0,0.0
NP_417003.1,WP_005694071.1,0.0,0.0
NP_417004.1,WP_005693773.1,3.34592e-176,2.2569e-177
NP_417006.2,WP_005694423.1,0.0,0.0
NP_417008.1,WP_005693794.1,1.00688e-37,2.64753e-37
NP_417009.1,WP_005693795.1,0.0,0.0
NP_417010.1,WP_005693796.1,0.0,0.0
NP_417011.1,WP_005693797.1,5.2811e-22,3.4325e-18
NP_417012.1,WP_050396688.1,0.0,0.0
NP_417013.1,WP_032828331.1,8.40385e-61,2.1846e-60
NP_417019.1,WP_005656371.1,2.13542e-31,5.49821e-31
NP_417020.1,WP_005656373.1,3.01802e-53,8.15792e-53
NP_417021.1,WP_005693792.1,0.0,0.0
NP_417022.1,WP_005693789.1,1.25242e-33,1.09201e-35
NP_417023.1,WP_005693788.1,1.86935e-53,4.96356e-53
NP_417024.1,WP_005654861.1,2.25556e-80,5.89545e-80
NP_417026.1,WP_005659892.1,3.13945e-63,8.06437e-57
NP_417027.1,WP_010868980.1,3.18899e-88,8.29539e-88
NP_417028.1,WP_005693284.1,2.15246e-128,5.71527e-128
NP_417031.1,WP_005694357.1,8.42994e-69,8.12345e-70
NP_417046.1,WP_005693240.1,0.0,0.0
NP_417047.1,WP_005648666.1,1.44524e-10,1.1902e-09
NP_417048.1,WP_005654045.1,8.00422e-65,2.1253e-64
NP_417053.2,WP_005694060.1,1.77331e-153,7.53189e-154
NP_417054.2,WP_005693256.1,9.39986e-62,2.58555e-61
NP_417057.1,WP_005649491.1,5.14716e-44,1.36669e-43
NP_417060.1,WP_005654053.1,1.57018e-99,4.06582e-99
NP_417061.1,WP_005657841.1,8.09217e-177,2.15579e-176
NP_417062.1,WP_005693887.1,2.23777e-104,1.42248e-97
NP_417063.1,WP_005693886.1,9.53555e-87,4.07245e-84
NP_417064.1,WP_005649880.1,0.0,0.0
NP_417065.1,WP_005670174.1,2.90919e-28,6.99582e-28
NP_417066.1,WP_005694646.1,4.58406e-76,5.00841e-79
NP_417067.1,WP_005651258.1,3.77897e-49,7.10355e-44
NP_417068.1,WP_005658683.1,4.34571e-105,1.1418e-104
NP_417070.2,WP_032828382.1,8.02438e-69,2.0176e-68
NP_417071.1,WP_005693742.1,0.0,0.0
NP_417074.1,WP_005628746.1,1.61569e-78,4.29003e-78
NP_417075.1,WP_005693885.1,7.10176e-114,1.80334e-113
NP_417076.1,WP_005693740.1,4.70987e-72,1.27233e-71
NP_417080.4,WP_005693739.1,9.75394e-165,6.68103e-157
NP_417083.1,WP_010869072.1,0.0,0.0
NP_417084.1,WP_005694112.1,2.9019e-96,7.73691e-96
NP_417085.1,WP_005694111.1,1.86586e-175,4.92389e-175
NP_417086.1,WP_005694110.1,1.50274e-66,1.55442e-67
NP_417088.1,WP_005653397.1,5.10972e-47,1.28471e-46
NP_417090.1,WP_005647570.1,9.62649e-151,2.54943e-150
NP_417091.1,WP_032828468.1,5.65734e-158,1.50618e-157
NP_417097.1,WP_005648735.1,6.65246e-75,1.78174e-74
NP_417098.1,WP_005661387.1,5.3702e-149,2.59075e-145
NP_417099.4,WP_005653863.1,4.31046e-91,1.1005e-90
NP_417100.1,WP_005653865.1,9.7273e-41,2.58282e-40
NP_417101.1,WP_005693814.1,0.0,0.0
NP_417104.1,WP_146104764.1,3.78679e-47,5.75037e-50
NP_417107.2,WP_005693190.1,2.96206e-33,9.53537e-33
NP_417108.4,WP_005649214.1,6.72782e-35,1.89804e-34
NP_417110.1,WP_005647965.1,1.09291e-94,2.92006e-94
NP_417134.2,WP_005693332.1,1.24455e-13,5.78447e-13
NP_417155.1,WP_005647241.1,6.65183e-38,3.21035e-35
NP_417167.1,WP_010869284.1,2.38908e-06,6.31766e-06
NP_417170.1,WP_005693250.1,1.04022e-118,2.59148e-121
NP_417171.1,WP_005693249.1,0.0,0.0
NP_417172.1,WP_005693682.1,1.10237e-92,2.85857e-92
NP_417174.1,WP_005693683.1,3.40386e-32,9.99276e-32
NP_417175.1,WP_005652027.1,1.85204e-51,5.23147e-51
NP_417176.1,WP_005632782.1,9.17986e-27,2.51738e-26
NP_417177.1,WP_010869060.1,0.0,0.0
NP_417178.1,WP_005694572.1,1.14282e-16,2.77853e-16
NP_417179.1,WP_005654959.1,0.0,0.0
NP_417188.4,WP_032828451.1,7.53746e-79,1.93902e-78
NP_417207.1,WP_012055087.1,4.00214e-09,7.73177e-09
NP_417213.1,WP_010869037.1,0.0,0.0
NP_417215.2,WP_015702000.1,4.55067e-92,1.19409e-91
NP_417216.1,WP_005665973.1,2.19149e-137,3.19304e-140
NP_417217.1,WP_005693348.1,9.80852e-150,2.77219e-149
NP_417218.1,WP_005647883.1,1.05395e-83,2.77207e-83
NP_417219.1,WP_005693349.1,1.88877e-119,5.01513e-119
NP_417222.1,WP_005694590.1,2.64527e-87,1.9704e-80
NP_417224.1,WP_005694588.1,6.49001e-96,1.696e-95
NP_417225.1,WP_005694586.1,6.56871e-97,1.69417e-96
NP_417226.1,WP_005687916.1,7.70641e-87,9.18795e-80
NP_417227.1,WP_005655267.1,1.60881e-82,4.07265e-82
NP_417228.1,WP_005661211.1,3.19683e-18,3.51479e-17
NP_417245.1,WP_005663812.1,1.90956e-10,5.9084e-10
NP_417257.1,WP_005686506.1,5.5527e-18,1.39503e-17
NP_417259.1,WP_010869090.1,0.0,0.0
NP_417260.1,WP_005693400.1,0.0,0.0
NP_417261.1,WP_005693705.1,4.05161e-92,1.07579e-91
NP_417264.1,WP_005694339.1,0.0,0.0
NP_417265.1,WP_005694340.1,2.457e-146,6.59922e-146
NP_417272.1,WP_010869213.1,3.54768e-16,1.02118e-14
NP_417274.1,WP_005694533.1,4.15125e-124,1.09053e-123
NP_417276.1,WP_005666700.1,6.58189e-168,1.03922e-166
NP_417280.1,WP_005694545.1,2.92867e-108,7.81246e-108
NP_417281.1,WP_005694544.1,2.39037e-78,6.20208e-78
NP_417282.1,WP_010869020.1,0.0,0.0
NP_417283.2,WP_005694547.1,2.82884e-128,7.4794e-128
NP_417284.1,WP_005648572.1,1.31643e-60,3.5953e-60
NP_417285.1,WP_005661551.1,5.52253e-43,1.50256e-42
NP_417286.1,WP_010869151.1,1.62543e-160,4.2805e-160
NP_417287.1,WP_005693396.1,5.39326e-25,1.35551e-24
NP_417288.1,WP_010869150.1,1.30793e-104,3.38176e-104
NP_417290.1,WP_010869175.1,5.00374e-115,1.31535e-114
NP_417291.1,WP_005694476.1,5.52103e-24,1.25654e-23
NP_417292.1,WP_032828456.1,1.48057e-113,3.75523e-113
NP_417296.1,WP_005694450.1,5.79298e-111,6.40431e-111
NP_417297.1,WP_005694451.1,0.0,0.0
NP_417299.1,WP_005693290.1,0.0,0.0
NP_417304.1,WP_005648113.1,4.47089e-48,1.27256e-47
NP_417305.1,WP_005693254.1,8.2222e-113,2.01063e-112
NP_417307.1,WP_005693252.1,1.93431e-94,5.71966e-94
NP_417308.1,WP_005693765.1,2.24988e-96,5.81742e-96
NP_417309.1,WP_005693866.1,2.50391e-90,8.54752e-90
NP_417315.1,WP_005693130.1,1.32454e-55,5.01781e-52
NP_417367.1,WP_020910106.1,0.0,0.0
NP_417368.1,WP_005694232.1,0.0,0.0
NP_417369.1,WP_005647404.1,7.72725e-68,1.78771e-72
NP_417370.1,WP_005694355.1,1.91778e-155,5.07507e-155
NP_417373.1,WP_005694645.1,5.56548e-25,1.42738e-24
NP_417374.1,WP_005693695.1,1.26846e-60,9.12808e-58
NP_417376.1,WP_010869202.1,2.75968e-50,8.7504e-50
NP_417384.1,WP_005693180.1,8.15556e-174,2.11147e-173
NP_417385.4,WP_005693181.1,3.9832e-45,6.4141e-47
NP_417386.1,WP_005651366.1,1.92384e-16,4.68646e-16
NP_417387.3,WP_005693206.1,1.52374e-61,4.15704e-61
NP_417388.1,WP_005693698.1,0.0,0.0
NP_417389.1,WP_005693699.1,1.35824e-99,3.60643e-99
NP_417400.1,WP_005694127.1,0.0,0.0
NP_417401.1,WP_005694128.1,0.0,0.0
NP_417417.1,WP_010869144.1,0.0,0.0
NP_417419.1,WP_010869145.1,1.1257e-49,2.82597e-49
NP_417421.4,WP_005694361.1,1.001e-120,2.67975e-120
NP_417423.4,WP_005694360.1,5.33187e-47,1.40816e-46
NP_417424.1,WP_005648994.1,3.14811e-70,8.41954e-70
NP_417426.1,WP_005693829.1,4.54038e-97,1.22103e-96
NP_417427.1,WP_010869110.1,4.14175e-44,2.11274e-47
NP_417429.1,WP_005694045.1,5.84485e-80,1.53618e-79
NP_417430.1,WP_005693701.1,0.0,0.0
NP_417432.1,WP_005652322.1,7.24836e-167,1.31716e-164
NP_417434.4,WP_005694334.1,8.89312e-48,2.49251e-47
NP_417435.1,WP_005694335.1,4.81413e-96,1.3157e-95
NP_417436.1,WP_005693157.1,8.68244e-145,2.25404e-150
NP_417437.1,WP_005648477.1,4.2676e-52,1.12069e-51
NP_417438.2,WP_005693158.1,1.23886e-134,2.43615e-135
NP_417446.4,WP_005694370.1,3.26336e-15,6.38577e-15
NP_417461.1,WP_010869255.1,3.06325e-08,6.96705e-08
NP_417464.1,WP_005693971.1,7.57634e-29,2.20795e-28
NP_417475.1,WP_005649445.1,2.21167e-32,1.15811e-35
NP_417478.1,WP_005694050.1,3.28275e-11,9.08738e-11
NP_417481.1,WP_005694414.1,0.0,0.0
NP_417490.1,WP_005689023.1,2.25171e-111,5.8568e-111
NP_417491.1,WP_005693555.1,0.0,0.0
NP_417496.1,WP_005631924.1,1.46751e-21,3.62682e-21
NP_417497.1,WP_005649974.1,1.2711e-96,3.4059e-96
NP_417498.1,WP_005694197.1,2.09946e-134,4.59085e-127
NP_417500.1,WP_005694496.1,8.58426e-85,2.26751e-84
NP_417502.1,WP_005693553.1,0.0,0.0
NP_417504.1,WP_005693770.1,9.8547e-106,8.34409e-98
NP_417506.1,WP_010868983.1,2.90601e-75,7.75304e-75
NP_417510.1,WP_010869087.1,1.33101e-87,3.59822e-87
NP_417513.1,WP_005652350.1,3.71641e-107,9.77697e-107
NP_417524.1,WP_005693548.1,0.0,0.0
NP_417525.1,WP_005693853.1,0.0,0.0
NP_417526.1,WP_032828366.1,6.64918e-41,1.57283e-40
NP_417527.1,WP_010869256.1,3.1224e-40,4.37791e-38
NP_417528.1,WP_005693619.1,2.28513e-180,6.12644e-180
NP_417530.2,WP_005656206.1,1.72653e-47,4.43402e-47
NP_417531.1,WP_005653382.1,9.73527e-103,2.50928e-102
NP_417536.1,WP_005694133.1,0.0,0.0
NP_417537.1,WP_005627632.1,1.68368e-37,4.47056e-37
NP_417538.1,WP_010868999.1,0.0,0.0
NP_417539.1,WP_005694135.1,0.0,0.0
NP_417560.1,WP_010869240.1,1.91024e-176,3.83231e-170
NP_417593.4,WP_005649699.1,1.3059e-138,2.55924e-137
NP_417615.1,WP_005694380.1,2.2426e-137,6.97914e-131
NP_417616.1,WP_005694381.1,4.05019e-49,6.09985e-52
NP_417617.1,WP_005694382.1,1.62194e-33,3.91212e-33
NP_417618.1,WP_005694384.1,2.29778e-49,6.03888e-49
NP_417619.1,WP_005657657.1,2.45516e-66,1.2951e-59
NP_417630.1,WP_005694021.1,1.49271e-151,6.44404e-142
NP_417631.2,WP_005694061.1,0.0,0.0
NP_417632.1,WP_005694062.1,9.2141e-76,3.39063e-82
NP_417633.4,WP_010868964.1,0.0,0.0
NP_417634.1,WP_005652821.1,6.87289e-49,1.82491e-48
NP_417635.1,WP_010869174.1,2.50118e-123,6.5989e-123
NP_417636.1,WP_005694530.1,8.59131e-60,2.19543e-59
NP_417637.1,WP_010869172.1,0.0,0.0
NP_417638.1,WP_005691699.1,0.0,0.0
NP_417639.6,WP_005657488.1,2.27791e-58,6.08869e-58
NP_417640.1,WP_005694213.1,0.0,0.0
NP_417642.1,WP_005693717.1,2.2672e-25,1.14122e-39
NP_417643.1,WP_005694655.1,0.0,0.0
NP_417644.4,WP_005694653.1,4.89653e-106,1.26787e-105
NP_417645.1,WP_010869183.1,0.0,0.0
NP_417646.1,WP_005694443.1,3.34246e-126,8.87499e-126
NP_417647.1,WP_005650404.1,1.16951e-46,3.16933e-46
NP_417648.4,WP_005694444.1,4.18341e-93,1.11079e-92
NP_417649.1,WP_005694445.1,9.9609e-144,2.65594e-143
NP_417650.1,WP_005693230.1,1.24957e-179,0.0
NP_417651.1,WP_005693231.1,1.812e-86,3.40382e-97
NP_417652.1,WP_010869080.1,5.00547e-49,1.32907e-48
NP_417653.1,WP_010869081.1,3.47794e-56,9.23473e-56
NP_417654.1,WP_005693233.1,8.55816e-158,2.3146e-157
NP_417655.1,WP_005693493.1,5.6225e-14,1.44422e-13
NP_417656.1,WP_005693405.1,0.0,0.0
NP_417657.2,WP_005686372.1,1.34196e-26,3.60562e-26
NP_417659.1,WP_005693408.1,1.58364e-59,4.26472e-59
NP_417660.1,WP_005693409.1,2.40651e-68,4.03043e-65
NP_417661.1,WP_005693411.1,4.73635e-135,2.23918e-140
NP_417662.1,WP_005693412.1,3.73962e-123,1.46084e-122
NP_417665.1,WP_005665007.1,2.02922e-44,5.15877e-44
NP_417666.1,WP_010869139.1,8.94998e-34,2.53817e-33
NP_417667.1,WP_005693464.1,4.4836e-59,1.10684e-58
NP_417668.1,WP_005647567.1,9.10759e-139,8.47199e-133
NP_417671.1,WP_005693461.1,6.52853e-37,1.74411e-36
NP_417672.1,WP_010869138.1,3.05033e-139,8.12786e-139
NP_417675.1,WP_005666147.1,9.98795e-86,1.90125e-85
NP_417688.1,WP_005660595.1,5.43367e-30,1.90343e-29
NP_417689.4,WP_005648623.1,5.23233e-93,5.28486e-79
NP_417690.1,WP_010868945.1,3.47373e-93,5.57743e-89
NP_417692.1,WP_005694428.1,6.25159e-64,1.63758e-63
NP_417695.1,WP_005650453.1,5.13274e-50,5.96201e-50
NP_417696.1,WP_005650452.1,9.07678e-94,2.41009e-93
NP_417697.1,WP_010869215.1,7.66352e-80,2.03484e-79
NP_417698.1,WP_005650450.1,1.23888e-95,3.28952e-95
NP_417700.2,WP_005653154.1,9.43348e-25,1.24341e-19
NP_417701.1,WP_005694316.1,4.09723e-179,5.9779e-176
NP_417702.1,WP_010869093.1,5.94192e-113,1.51105e-112
NP_417703.1,WP_005694235.1,3.86764e-168,4.78738e-176
NP_417704.1,WP_005691176.1,2.2067e-75,5.6715e-75
NP_417713.2,WP_010869189.1,0.0,0.0
NP_417715.1,WP_005657800.1,4.32279e-31,1.94211e-35
NP_417716.1,WP_005687477.1,2.4649e-108,1.96208e-91
NP_417717.2,WP_005657804.1,0.0,0.0
NP_417721.1,WP_005693317.1,7.35274e-59,1.13647e-69
NP_417722.1,WP_005655956.1,0.0,0.0
NP_417723.1,WP_005647974.1,1.88472e-21,5.31715e-21
NP_417724.4,WP_005647973.1,0.0,0.0
NP_417725.1,WP_010869100.1,6.0495e-155,9.32452e-141
NP_417726.1,WP_010869101.1,9.4624e-158,2.58293e-157
NP_417727.1,WP_005651583.1,2.01489e-55,5.4046e-55
NP_417728.4,WP_010869200.1,1.06962e-12,2.98498e-12
NP_417740.1,WP_005694487.1,2.35764e-92,6.26007e-92
NP_417741.1,WP_005694486.1,4.109e-70,1.05084e-69
NP_417745.1,WP_005694639.1,1.45689e-76,3.86838e-76
NP_417746.1,WP_005694641.1,5.00323e-146,1.34112e-145
NP_417747.1,WP_005694643.1,2.52979e-146,6.48043e-154
NP_417748.1,WP_005694644.1,0.0,0.0
NP_417749.1,WP_005658680.1,5.88524e-51,4.36549e-59
NP_417753.1,WP_005648400.1,2.15766e-82,5.7742e-82
NP_417754.1,WP_010869058.1,0.0,0.0
NP_417755.1,WP_005693170.1,6.09173e-139,1.61749e-138
NP_417756.1,WP_010869057.1,8.73031e-88,2.3181e-87
NP_417757.1,WP_021018385.1,2.85845e-68,7.84712e-68
NP_417758.1,WP_005625868.1,4.74753e-18,1.22741e-17
NP_417759.1,WP_005652382.1,0.0,0.0
NP_417760.1,WP_005648410.1,5.15714e-82,1.36934e-81
NP_417761.1,WP_005693169.1,2.65578e-30,7.05169e-30
NP_417762.1,WP_005625871.1,6.05264e-111,1.59749e-110
NP_417763.1,WP_005625873.1,1.3604e-54,9.80014e-55
NP_417764.1,WP_005655593.1,9.58935e-101,2.54619e-100
NP_417765.1,WP_005625877.1,3.14614e-81,8.35372e-81
NP_417766.1,WP_005625879.1,4.27527e-66,1.13518e-65
NP_417767.1,WP_005625881.1,8.72251e-123,3.83303e-113
NP_417768.1,WP_010869054.1,8.84175e-53,2.32511e-52
NP_417769.1,WP_005548786.1,1.84141e-84,4.88938e-84
NP_417770.1,WP_005625886.1,3.04375e-51,8.17806e-51
NP_417771.1,WP_005625888.1,9.99179e-30,2.51487e-20
NP_417772.1,WP_005648425.1,1.68848e-82,4.43468e-89
NP_417773.1,WP_005693167.1,7.95638e-150,2.13073e-149
NP_417774.1,WP_005625897.1,9.37284e-72,2.4887e-71
NP_417775.1,WP_005539416.1,8.73066e-61,9.48665e-55
NP_417776.1,WP_005652371.1,2.64462e-178,7.02208e-178
NP_417777.1,WP_005632756.1,3.4993e-48,9.19852e-48
NP_417778.1,WP_005652369.1,1.31307e-125,3.46915e-125
NP_417779.1,WP_005632753.1,5.00253e-129,1.32193e-128
NP_417780.1,WP_001181005.1,2.26164e-71,6.00517e-71
NP_417799.1,WP_010869011.1,0.0,0.0
NP_417800.1,WP_005626581.1,3.32681e-103,7.69842e-103
NP_417801.1,WP_005543325.1,4.3028e-86,1.14249e-85
NP_417803.1,WP_010869010.1,1.17762e-30,3.12685e-30
NP_417804.1,WP_005694173.1,5.40799e-38,1.41351e-37
NP_417805.4,WP_005694171.1,1.2945e-103,3.16509e-103
NP_417806.1,WP_005694170.1,1.79045e-59,7.7758e-53
NP_417807.1,WP_005694169.1,5.60267e-20,1.5083e-19
NP_417808.1,WP_005694583.1,3.70551e-78,7.26303e-69
NP_417811.1,WP_005694483.1,0.0,0.0
NP_417816.1,WP_005647998.1,1.9907e-124,5.63816e-124
NP_417820.1,WP_005690872.1,3.25989e-14,8.26624e-14
NP_417841.2,WP_005693684.1,2.04073e-07,5.64438e-07
NP_417843.1,WP_005694505.1,0.0,0.0
NP_417844.1,WP_005694158.1,9.50591e-63,2.24359e-62
NP_417845.1,WP_010869007.1,5.41064e-134,1.43026e-133
NP_417846.1,WP_010868957.1,8.66948e-105,2.36819e-104
NP_417848.1,WP_005694088.1,9.77809e-162,1.9435e-154
NP_417850.1,WP_005693728.1,3.34141e-90,9.58283e-90
NP_417855.4,WP_005693721.1,0.0,0.0
NP_417859.1,WP_005654696.1,1.6784e-62,4.38952e-62
NP_417860.2,WP_005693176.1,3.72624e-117,9.92792e-117
NP_417862.1,WP_010869059.1,0.0,0.0
NP_417866.4,WP_010869009.1,0.0,0.0
NP_417872.2,WP_032828380.1,1.02529e-56,2.30045e-51
NP_417873.1,WP_005693730.1,1.25783e-115,3.46224e-115
NP_417875.1,WP_032828409.1,2.13347e-172,3.80237e-171
NP_417883.1,WP_005694604.1,1.43173e-26,3.69598e-26
NP_417886.1,WP_005693999.1,0.0,0.0
NP_417887.1,WP_010869192.1,0.0,0.0
NP_417888.1,WP_164927866.1,3.58436e-173,9.56146e-173
NP_417889.1,WP_005694002.1,0.0,0.0
NP_417890.1,WP_005694003.1,0.0,0.0
NP_417891.1,WP_005694497.1,0.0,0.0
NP_417918.1,WP_005694033.1,1.69828e-151,4.56227e-147
NP_417919.1,WP_005660149.1,1.03369e-95,5.06616e-92
NP_417920.1,WP_005632750.1,1.23155e-98,3.21114e-98
NP_417921.1,WP_032828327.1,1.43341e-163,3.08961e-162
NP_417922.1,WP_005693161.1,7.85054e-69,2.03186e-68
NP_417927.1,WP_010869042.1,7.21079e-32,1.86736e-31
NP_417928.1,WP_005693208.1,2.06224e-88,5.82259e-88
NP_417932.1,WP_005694435.1,1.63515e-08,3.95893e-08
NP_417949.1,WP_005693280.1,1.62428e-163,1.70596e-156
NP_417952.1,WP_005648375.1,1.6456e-71,4.27841e-71
NP_417954.1,WP_005693198.1,1.86822e-101,5.09944e-101
NP_417955.1,WP_010868958.1,0.0,0.0
NP_417956.1,WP_005693720.1,8.07723e-139,2.15235e-138
NP_417957.1,WP_005694117.1,0.0,0.0
NP_417963.4,WP_005693781.1,1.04011e-13,1.25869e-14
NP_417965.1,WP_005654516.1,2.56144e-16,4.24772e-20
NP_417978.2,WP_010869193.1,6.78428e-60,1.73511e-59
NP_417980.1,WP_005660680.1,4.32554e-148,8.8986e-142
NP_417983.2,WP_005693872.1,7.93908e-87,2.14212e-86
NP_417997.1,WP_005691143.1,0.0,0.0
NP_417998.1,WP_005694258.1,0.0,0.0
NP_417999.1,WP_005653671.1,2.9534e-138,2.81429e-118
NP_418000.1,WP_164927863.1,5.48052e-144,1.42945e-143
NP_418001.1,WP_005670186.1,0.0,0.0
NP_418005.1,WP_005694489.1,1.90839e-86,5.01302e-86
NP_418015.1,WP_100066296.1,3.55132e-104,1.64162e-103
NP_418016.1,WP_005693270.1,0.0,0.0
NP_418017.1,WP_005628151.1,0.0,0.0
NP_418021.1,WP_032828343.1,2.14412e-69,2.6181e-60
NP_418022.1,WP_005651773.1,0.0,0.0
NP_418023.1,WP_005693436.1,0.0,5.72343e-179
NP_418024.1,WP_005693435.1,0.0,0.0
NP_418025.1,WP_010869132.1,1.18827e-175,2.63027e-171
NP_418026.1,WP_010869130.1,3.42663e-165,8.98244e-165
NP_418031.1,WP_005647833.1,3.26389e-124,8.05174e-124
NP_418032.1,WP_005693365.1,0.0,0.0
NP_418034.1,WP_005647840.1,2.98606e-30,8.08018e-30
NP_418036.1,WP_005647844.1,1.6957e-136,4.50247e-136
NP_418037.1,WP_010869108.1,0.0,0.0
NP_418038.1,WP_005693359.1,2.01313e-63,4.54666e-65
NP_418039.2,WP_005693360.1,3.76412e-152,9.99461e-152
NP_418040.1,WP_005669745.1,7.28806e-131,1.93515e-130
NP_418047.1,WP_005694594.1,9.0109e-180,2.41208e-179
NP_418048.1,WP_005694593.1,0.0,0.0
NP_418060.1,WP_165442163.1,1.52842e-39,1.93035e-36
NP_418062.1,WP_005693904.1,0.0,0.0
NP_418063.1,WP_005652354.1,1.21894e-92,3.29842e-92
NP_418064.1,WP_005694542.1,4.06113e-144,1.05462e-143
NP_418065.1,WP_005694541.1,3.22887e-168,8.47224e-168
NP_418066.1,WP_005630575.1,2.96194e-64,3.09573e-66
NP_418067.1,WP_005694168.1,1.71828e-18,1.32475e-17
NP_418068.1,WP_005693147.1,1.40088e-50,3.84972e-50
NP_418070.6,WP_005693155.1,1.79526e-83,1.60472e-82
NP_418071.4,WP_010869050.1,1.73524e-60,2.57697e-58
NP_418072.1,WP_005648226.1,5.9387e-18,1.14597e-17
NP_418076.1,WP_005632797.1,0.0,0.0
NP_418077.1,WP_005693429.1,1.31316e-158,3.4667e-158
NP_418079.1,WP_010869079.1,2.50723e-07,2.02373e-08
NP_418083.1,WP_010868968.1,2.97687e-18,2.93054e-16
NP_418085.2,WP_005694187.1,5.00522e-14,1.30679e-13
NP_418089.1,WP_010868969.1,2.51015e-23,6.72314e-23
NP_418090.1,WP_005694491.1,3.81493e-152,1.01772e-151
NP_418091.1,WP_005694492.1,2.85178e-61,7.42927e-61
NP_418092.1,WP_005693293.1,3.94943e-115,1.05646e-114
NP_418093.1,WP_005613503.1,1.21092e-28,3.27373e-28
NP_418094.1,WP_005542826.1,4.72568e-49,1.25478e-48
NP_418095.4,WP_010869094.1,3.26399e-79,8.62761e-79
NP_418096.4,WP_005693302.1,2.11381e-176,5.35137e-169
NP_418097.2,WP_005631431.1,1.3764e-87,3.63062e-87
NP_418098.4,WP_005648000.1,5.0443e-64,1.30739e-60
NP_418099.1,WP_005686697.1,1.30155e-111,3.45591e-111
NP_418101.1,WP_005693694.1,3.4504e-137,8.94635e-132
NP_418103.4,WP_005694300.1,2.32707e-89,1.21607e-82
NP_418105.1,WP_005693898.1,4.88366e-98,1.30299e-97
NP_418106.1,WP_005693900.1,3.60259e-35,1.96725e-32
NP_418107.1,WP_005693901.1,0.0,0.0
NP_418109.1,WP_005693902.1,0.0,0.0
NP_418110.1,WP_005693557.1,9.13528e-142,1.10578e-124
NP_418134.1,WP_005694454.1,2.05059e-11,3.59334e-11
NP_418135.1,WP_005694455.1,4.13789e-20,2.02039e-20
NP_418140.4,WP_005693880.1,0.0,0.0
NP_418152.1,WP_164927873.1,2.00317e-25,1.65623e-28
NP_418155.1,WP_005693333.1,5.02809e-159,1.34255e-158
NP_418156.1,WP_005693335.1,3.09141e-177,3.3052e-179
NP_418157.1,WP_005693336.1,0.0,0.0
NP_418158.1,WP_005539760.1,1.38887e-22,1.02682e-16
NP_418159.1,WP_005647913.1,2.54531e-57,6.75837e-57
NP_418161.1,WP_005693342.1,0.0,0.0
NP_418162.1,WP_005693343.1,0.0,0.0
NP_418182.1,WP_005650601.1,1.34701e-109,2.38073e-114
NP_418183.1,WP_005656744.1,7.1184e-118,1.8664e-117
NP_418185.1,WP_010868986.1,0.0,0.0
NP_418186.1,WP_005694502.1,0.0,0.0
NP_418187.1,WP_005649396.1,6.91735e-54,1.87636e-53
NP_418188.1,WP_005649402.1,0.0,0.0
NP_418189.1,WP_005693686.1,4.64841e-148,1.24286e-147
NP_418190.1,WP_005688698.1,0.0,0.0
NP_418191.1,WP_005642563.1,9.39067e-73,2.49344e-72
NP_418192.1,WP_005629246.1,1.71494e-59,1.06465e-64
NP_418193.1,WP_005652035.1,1.45005e-21,6.49944e-13
NP_418194.1,WP_005629251.1,5.43984e-96,1.07277e-91
NP_418196.1,WP_005652031.1,3.13456e-95,8.16213e-95
NP_418197.1,WP_005694554.1,0.0,0.0
NP_418198.1,WP_005694621.1,1.24818e-52,3.29165e-52
NP_418199.1,WP_005649540.1,3.23816e-71,8.48492e-71
NP_418200.1,WP_005654693.1,1.18811e-155,3.1547e-155
NP_418204.2,WP_005693672.1,1.11746e-61,2.96712e-61
NP_418205.1,WP_005693671.1,0.0,0.0
NP_418206.1,WP_005649437.1,6.58917e-143,1.25816e-143
NP_418207.1,WP_005693669.1,3.54281e-153,9.27986e-153
NP_418208.1,WP_005693668.1,8.46865e-120,3.77964e-111
NP_418209.1,WP_005693667.1,2.31639e-111,6.18783e-111
NP_418210.1,WP_010869070.1,4.61385e-129,1.19413e-128
NP_418213.1,WP_005648303.1,2.09976e-43,5.52557e-43
NP_418214.2,WP_010869133.1,0.0,0.0
NP_418220.1,WP_010869046.1,0.0,0.0
NP_418221.1,WP_005694606.1,2.58804e-101,2.40796e-98
NP_418222.1,WP_005654301.1,0.0,0.0
NP_418227.1,WP_032828332.1,0.0,0.0
NP_418228.2,WP_005693835.1,8.64981e-43,2.25458e-42
NP_418230.1,WP_005648966.1,0.0,0.0
NP_418231.1,WP_005694200.1,2.17445e-140,1.3004e-127
NP_418232.2,WP_005693214.1,1.51985e-14,2.40045e-14
NP_418246.1,WP_005694537.1,9.81806e-88,2.02674e-83
NP_418250.1,WP_005694539.1,0.0,0.0
NP_418251.1,WP_005655473.1,6.86256e-29,5.43642e-25
NP_418254.2,WP_005655521.1,5.37603e-167,1.42746e-166
NP_418256.1,WP_005692390.1,5.78514e-126,1.52062e-125
NP_418258.1,WP_164927876.1,0.0,0.0
NP_418260.1,WP_005651675.1,7.40458e-164,1.95986e-163
NP_418272.1,WP_005694223.1,5.65574e-75,1.46383e-74
NP_418273.1,WP_005694192.1,0.0,0.0
NP_418275.1,WP_010868970.1,3.1399e-138,8.30421e-138
NP_418280.4,WP_010868952.1,4.22023e-11,4.55231e-17
NP_418282.1,WP_005694099.1,1.49841e-122,3.94778e-122
NP_418290.4,WP_032828482.1,6.45658e-64,2.5354e-63
NP_418293.2,WP_032828329.1,9.89827e-56,2.56814e-55
NP_418294.1,WP_005693194.1,8.53205e-51,2.2421e-50
NP_418295.1,WP_005693195.1,1.41337e-38,3.71065e-38
NP_418297.1,WP_005693196.1,4.78992e-59,1.23286e-59
NP_418300.1,WP_005693204.1,0.0,0.0
NP_418301.3,WP_005651790.1,2.31521e-109,6.00105e-109
NP_418302.1,WP_005693127.1,5.44868e-24,9.02549e-20
NP_418306.1,WP_005693212.1,0.0,0.0
NP_418320.2,WP_005661561.1,5.2547e-66,1.36317e-65
NP_418322.1,WP_005656225.1,3.37983e-82,8.32435e-82
NP_418323.1,WP_005694618.1,4.69625e-72,1.23836e-71
NP_418327.1,WP_005693890.1,7.20118e-111,1.86876e-110
NP_418329.1,WP_005693893.1,1.39727e-167,3.85846e-167
NP_418331.1,WP_005649892.1,2.31192e-97,5.98355e-97
NP_418344.3,WP_005693413.1,4.20254e-118,1.16462e-117
NP_418348.1,WP_005693189.1,2.14793e-82,4.82863e-84
NP_418351.1,WP_005664214.1,1.46779e-177,3.90949e-177
NP_418354.1,WP_005661219.1,1.27256e-126,9.2675e-134
NP_418360.1,WP_005694623.1,3.63671e-168,1.32469e-169
NP_418361.1,WP_005655029.1,0.0,0.0
NP_418362.1,WP_005689987.1,4.78872e-141,1.19459e-140
NP_418363.1,WP_005650820.1,4.66431e-17,1.10087e-16
NP_418364.1,WP_005669389.1,7.08909e-77,1.89401e-76
NP_418365.1,WP_010868993.1,8.50445e-99,2.22147e-98
NP_418366.1,WP_010868991.1,0.0,0.0
NP_418367.1,WP_005649427.1,1.91462e-99,5.05488e-99
NP_418368.1,WP_164927874.1,7.31727e-20,8.30882e-18
NP_418370.1,WP_005694336.1,0.0,0.0
NP_418371.1,WP_005625828.1,1.61124e-36,4.2782e-36
NP_418373.1,WP_005631186.1,1.22306e-64,3.2475e-64
NP_418374.1,WP_005661154.1,1.39589e-91,8.15478e-95
NP_418376.1,WP_005652747.1,1.01202e-165,2.65084e-165
NP_418391.1,WP_005693644.1,0.0,0.0
NP_418395.1,WP_005693177.1,0.0,0.0
NP_418396.1,WP_005649559.1,5.62763e-164,1.47467e-163
NP_418398.3,WP_005629669.1,3.58429e-94,8.33765e-94
NP_418400.1,WP_005693197.1,0.0,1.12889e-180
NP_418401.1,WP_005694042.1,6.08961e-15,1.90397e-14
NP_418402.2,WP_010869285.1,9.74745e-92,2.18344e-87
NP_418403.1,WP_005694036.1,4.98812e-151,1.32059e-150
NP_418404.1,WP_032828419.1,8.60232e-61,2.1418e-60
NP_418405.1,WP_005667563.1,3.64317e-146,9.52038e-146
NP_418407.1,WP_005667564.1,0.0,0.0
NP_418409.1,WP_010869041.1,2.63885e-97,7.16159e-97
NP_418410.1,WP_005630840.1,5.08909e-90,1.35127e-89
NP_418411.1,WP_005649467.1,1.73494e-144,4.16144e-135
NP_418412.1,WP_010869025.1,9.74148e-91,2.55523e-90
NP_418413.1,WP_005650892.1,4.28409e-54,3.89545e-52
NP_418414.1,WP_005666423.1,0.0,0.0
NP_418415.1,WP_005693659.1,0.0,0.0
NP_418421.1,WP_005693747.1,1.97258e-18,5.61001e-18
NP_418427.1,WP_005693732.1,3.11762e-80,8.27799e-80
NP_418428.1,WP_005630954.1,3.63047e-47,9.63974e-47
NP_418433.1,WP_005693239.1,0.0,0.0
NP_418434.1,WP_005693238.1,0.0,0.0
NP_418443.1,WP_080003770.1,1.92334e-166,1.54462e-166
NP_418445.1,WP_010869014.1,5.61756e-58,1.41994e-57
NP_418449.1,WP_010869249.1,0.0,0.0
NP_418465.4,WP_005693149.1,0.0,0.0
NP_418466.1,WP_005694338.1,1.82596e-35,4.68937e-35
NP_418467.1,WP_010869048.1,9.0043e-101,2.45003e-100
NP_418473.3,WP_005694659.1,9.00689e-170,2.26676e-169
NP_418476.1,WP_032828363.1,0.0,0.0
NP_418477.1,WP_005693598.1,2.10271e-153,5.59873e-153
NP_418482.1,WP_005694053.1,0.0,0.0
NP_418483.1,WP_005694052.1,2.84353e-61,2.8853e-60
NP_418488.1,WP_005694416.1,0.0,0.0
NP_418494.1,WP_005651712.1,0.0,0.0
NP_418495.2,WP_010869124.1,2.24547e-45,6.8185e-45
NP_418496.1,WP_005647733.1,6.3848e-109,1.71051e-108
NP_418497.1,WP_005693393.1,7.4456e-90,1.98466e-93
NP_418513.4,WP_010868944.1,1.43997e-36,3.72013e-36
NP_418532.1,WP_010868923.1,4.01397e-43,1.037e-42
NP_418553.1,WP_010869153.1,0.0,0.0
NP_418559.1,WP_005693234.1,1.84289e-178,5.01454e-178
NP_418561.1,WP_005655513.1,9.9471e-94,1.50927e-104
NP_418562.4,WP_032828424.1,0.0,0.0
NP_418566.1,WP_005687043.1,7.31202e-57,1.92149e-56
NP_418567.1,WP_010869002.1,0.0,0.0
NP_418570.1,WP_005691796.1,1.9899e-152,5.22185e-152
NP_418571.1,WP_005544066.1,1.2726e-105,3.37906e-105
NP_418575.1,WP_005648338.1,2.31744e-40,5.89479e-40
NP_418576.1,WP_005648336.1,3.8008e-42,1.04772e-41
NP_418577.1,WP_005639269.1,7.98244e-143,2.22376e-142
NP_418578.1,WP_010869064.1,0.0,0.0
NP_418579.2,WP_010869065.1,1.72313e-151,4.54714e-151
NP_418584.1,WP_032828422.1,6.1738e-119,1.47128e-118
NP_418585.4,WP_005694198.1,5.38746e-147,1.41414e-146
NP_418586.4,WP_005694199.1,2.63844e-102,7.04436e-102
NP_418589.1,WP_005693857.1,2.42777e-58,6.65695e-58
NP_418590.1,WP_005693856.1,5.05008e-89,9.4302e-89
NP_418591.1,WP_005693855.1,0.0,0.0
NP_418592.1,WP_005693854.1,5.09835e-164,1.33231e-163
NP_418593.1,WP_005693756.1,7.47862e-49,1.7716e-48
NP_418595.1,WP_005671149.1,2.47116e-146,2.89652e-131
NP_418596.1,WP_005660876.1,9.51221e-124,7.69858e-119
NP_418598.1,WP_010869263.1,0.0,0.0
NP_418600.4,WP_010869073.1,0.0,0.0
NP_418601.1,WP_005655733.1,3.05935e-132,8.22357e-132
NP_418621.5,WP_005627620.1,6.40974e-70,1.62398e-69
NP_418622.1,WP_005694144.1,1.13247e-37,3.12261e-37
NP_418623.1,WP_005598105.1,5.86451e-49,1.55716e-48
NP_418624.1,WP_005649511.1,5.83014e-68,7.75616e-74
NP_418627.4,WP_005694343.1,9.40039e-12,5.07445e-11
NP_418630.1,WP_005694400.1,4.14589e-91,1.11584e-90
NP_418632.1,WP_005693146.1,8.85715e-08,4.48737e-10
NP_418633.4,WP_080003771.1,1.26114e-09,1.64772e-09
NP_418634.1,WP_005694555.1,0.0,0.0
NP_418635.1,WP_164927858.1,2.74573e-44,9.18277e-41
NP_418637.1,WP_010868922.1,3.26263e-50,8.66303e-50
NP_418639.1,WP_010868987.1,1.38556e-164,3.55552e-164
NP_418641.1,WP_010869035.1,2.39408e-166,6.36785e-166
NP_418642.1,WP_005694581.1,0.0,0.0
NP_418647.1,WP_005630160.1,1.47435e-21,3.91473e-21
NP_418653.1,WP_005693654.1,9.94641e-178,2.64895e-177
NP_418654.1,WP_005694412.1,0.0,0.0
NP_418655.1,WP_005651852.1,6.33808e-65,5.1308e-61
NP_418656.1,WP_005693467.1,0.0,0.0
NP_418658.1,WP_005693470.1,1.85611e-78,4.9604e-78
NP_418659.1,WP_005693847.1,0.0,0.0
NP_418664.2,WP_005630808.1,1.58919e-70,4.25264e-70
NP_418675.1,WP_005651072.1,3.86873e-153,1.02724e-152
NP_418676.1,WP_010869036.1,3.24194e-41,3.06517e-40
NP_418679.1,WP_005693970.1,0.0,0.0
NP_418680.1,WP_005693964.1,2.80538e-50,7.29691e-50
NP_418681.1,WP_005694194.1,0.0,0.0
NP_418682.1,WP_010869275.1,2.40728e-119,7.64434e-111
NP_418683.4,WP_005694193.1,6.25975e-133,5.97766e-130
NP_418699.4,WP_005693428.1,1.32819e-36,7.70721e-40
NP_418707.1,WP_005630123.1,6.76778e-41,2.1564e-40
NP_418708.1,WP_005693487.1,7.89621e-37,1.68898e-35
NP_418730.4,WP_032828455.1,3.66563e-109,9.91822e-109
NP_418742.1,WP_010868927.1,0.0,0.0
NP_418744.1,WP_005687499.1,6.92466e-81,1.78142e-80
NP_418769.1,WP_010869173.1,1.97425e-18,5.70784e-18
NP_418779.2,WP_032828439.1,5.19093e-12,1.66219e-11
NP_418784.4,WP_005693811.1,5.8476e-55,1.80134e-54
NP_418788.1,WP_005693888.1,5.33414e-106,1.36266e-105
NP_418789.1,WP_005663309.1,2.54642e-19,6.61328e-19
NP_418790.1,WP_010868917.1,6.00312e-56,1.57243e-55
NP_418792.1,WP_005694221.1,0.0,0.0
NP_418796.1,WP_005694124.1,8.93231e-23,2.16514e-22
NP_418797.1,WP_005694125.1,1.61016e-112,4.25877e-112
NP_418798.1,WP_005693439.1,3.30106e-18,1.44512e-16
NP_418801.1,WP_005694122.1,1.47986e-142,1.79985e-147
NP_418805.1,WP_010869109.1,6.78078e-107,1.75572e-106
NP_418806.1,WP_005693612.1,0.0,0.0
NP_418807.4,WP_012055221.1,3.47148e-142,3.02521e-149
NP_418808.1,WP_005650218.1,0.0,0.0
NP_418809.4,WP_010869063.1,2.36288e-80,5.76817e-80
NP_418810.1,WP_005629736.1,1.5748e-19,6.72682e-17
NP_418818.1,WP_005651417.1,1.00235e-136,2.63911e-136
YP_009518751.1,WP_005694291.1,2.25422e-175,9.04941e-175
YP_009518752.1,WP_005656255.1,1.56971e-09,4.04886e-09
YP_009518822.1,WP_005632808.1,3.39427e-138,5.7154e-132
YP_010051172.1,WP_005694212.1,0.0,0.0
YP_025294.2,WP_005671546.1,0.0,0.0
YP_025300.1,WP_005651797.1,0.0,0.0
YP_025304.1,WP_010869250.1,8.64132e-34,3.07936e-34
YP_025307.1,WP_005693623.1,4.06561e-142,7.99656e-142
YP_025308.1,WP_005693274.1,1.03719e-116,1.85793e-116
YP_026169.1,WP_010868979.1,0.0,0.0
YP_026170.1,WP_032828325.1,0.0,0.0
YP_026171.3,WP_032828395.1,0.0,1.3365e-179
YP_026172.1,WP_005693852.1,2.16463e-178,5.79955e-178
YP_026188.1,WP_010869107.1,0.0,0.0
YP_026202.1,WP_005693202.1,1.5516e-21,2.49737e-22
YP_026210.1,WP_005694485.1,5.75908e-53,4.05162e-54
YP_026211.1,WP_005693325.1,4.78159e-81,5.87315e-86
YP_026215.2,WP_005648746.1,1.87897e-93,5.19097e-93
YP_026216.2,WP_005694166.1,2.11548e-64,5.61708e-64
YP_026217.1,WP_005693351.1,4.07696e-65,1.52399e-63
YP_026220.1,WP_005648561.1,7.69157e-42,1.42072e-41
YP_026232.1,WP_005647842.1,0.0,0.0
YP_026241.1,WP_010869008.1,0.0,0.0
YP_026247.1,WP_005694252.1,9.08703e-29,2.6783e-28
YP_026248.1,WP_005693142.1,0.0,0.0
YP_026251.1,WP_010869028.1,0.0,0.0
YP_026255.1,WP_005693225.1,5.04129e-172,1.27448e-171
YP_026262.1,WP_010869031.1,1.50197e-24,4.01501e-24
YP_026263.3,WP_005693132.1,0.0,0.0
YP_026264.1,WP_011962151.1,1.83204e-44,4.93533e-44
YP_026266.1,WP_005694498.1,2.55248e-49,6.2392e-49
YP_026267.1,WP_005694570.1,2.84245e-75,7.71759e-75
YP_026269.1,WP_005693825.1,2.5004e-07,6.63912e-07
YP_026270.1,WP_005694100.1,2.60191e-28,3.1428e-38
YP_026273.1,WP_005694630.1,1.80715e-168,1.95517e-165
YP_026274.1,WP_005693211.1,0.0,0.0
YP_026280.1,WP_005693731.1,2.83972e-88,7.74547e-88
YP_026291.2,WP_005693839.1,3.46289e-76,9.30126e-76
YP_588467.1,WP_005648813.1,4.26357e-17,1.08491e-16
YP_588472.1,WP_005647910.1,1.12517e-34,3.02274e-34
